<configuration>
	<appender name="STDOUT" class="ch.qos.logback.core.ConsoleAppender">
		<encoder>
			<pattern>%d{HH:mm:ss.SSS} |-%-5level in %logger{36} - %msg%n
			</pattern>
		</encoder>
	</appender>

	<!--
	<appender name="FILE" class="ch.qos.logback.core.FileAppender">
		<file>log/ontop.log</file>
		<append>false</append>
		<encoder>
			<pattern>%d{HH:mm:ss.SSS} |-%-5level in %logger{36} - %msg%n
			</pattern>
		</encoder>
	</appender>
	-->

	<!-- Configure the logging level below. For more information use WARN,
		INFO or DEBUG instead of ERROR -->

	<root level="DEBUG">
		<appender-ref ref="STDOUT" />
        <!--
		<appender-ref ref="FILE" />
		-->
	</root>
</configuration>
